Date,AsianPaints Open,AsianPaints High,AsianPaints Low,AsianPaints close,AsianPaints Adj Close,Asian paintsVolume,DMart Open,DMart High,DMart Low,DMart Close,Dmart Adj Close,DMart Volume,,Dropdown for Comparison,,,,,,,,,,,,,,,,Date,DMart Open,AsianPaints Open
11/15/2021,3126,3180,3126,3168.699951,3146.00415,696377,5080,5081.600098,4984.25,5019.200195,5019.200195,13206,1,DMart Open,,AsianPaints ,,,,,,,,,,,,,,11/15/2021,5080,3126
11/16/2021,3165,3209,3120.100098,3151.699951,3129.125977,1400107,5045,5098.950195,4985,5082.200195,5082.200195,25465,2,AsianPaints Open,,Dmart,,,,,,,,,,,,,,11/16/2021,5045,3165
11/17/2021,3170,3239.899902,3165.050049,3230.25,3207.113281,1616452,5080,5177.450195,5078,5124.100098,5124.100098,46972,,DMart,,,,,,,,,,,,,,,,11/17/2021,5080,3170
11/18/2021,3249.85,3260,3214,3226.850098,3203.737793,1609821,5124.100098,5178.549805,5040,5082.799805,5082.799805,30575,,,,,,,,,,,,,,,,,,11/18/2021,5124.100098,3249.850098
11/22/2021,3241,3308.350098,3215.050049,3261.25,3237.891357,2146970,5082,5085.049805,4785.350098,4829,4829,86708,,,,,,,,,,,,,,,,,,11/22/2021,5082,3241
11/23/2021,3261.25,3288.300049,3171.550049,3185.550049,3162.733643,1482618,4766.399902,4919.700195,4754.299805,4841.75,4841.75,45250,,,,,,,,,,,,,,,,,,11/23/2021,4766.399902,3261.25
11/24/2021,3186.050049,3208.899902,3150,3157,3134.387939,1056213,4880,4959.950195,4853,4882.049805,4882.049805,15717,,,,,,,,,,,,,,,,,,11/24/2021,4880,3186.050049
11/25/2021,3156.5,3173.350098,3113,3144.25,3121.729492,728825,4915,4930.049805,4855.700195,4891.600098,4891.600098,8358,,,,,,,,,,,,,,,,,,11/25/2021,4915,3156.5
11/26/2021,3101,3167.350098,3091,3143.100098,3120.587891,1029110,4874,4874,4703,4718.75,4718.75,27619,,,,,,,,,,,,,,,,,,11/26/2021,4874,3101
11/29/2021,3131,3178.899902,3071.899902,3144.300049,3121.779053,876651,4650,4718.75,4385.75,4675.299805,4675.299805,93170,,,,,,,,,,,,,,,,,,11/29/2021,4650,3131
11/30/2021,3116.149902,3189,3116.149902,3143.649902,3121.133545,2340489,4677,4800,4646.399902,4706.75,4706.75,43538,,,,,,,,,,,,,,,,,,11/30/2021,4677,3116.149902
12/1/2021,3155.899902,3199.75,3124.100098,3138.149902,3115.673096,1741820,4725,4842.450195,4670,4694.75,4694.75,22164,,,,,,,,,,,,,,,,,,12/1/2021,4725,3155.899902
12/2/2021,3160,3194,3152.25,3180.600098,3157.819336,939320,4741.049805,4795,4713.700195,4785.549805,4785.549805,30818,,,,,,,,,,,,,,,,,,12/2/2021,4741.049805,3160
12/3/2021,3185,3187.449951,3106,3110.449951,3088.171387,1216263,4813.549805,4850,4775.600098,4800.450195,4800.450195,28730,,,,,,,,,,,,,,,,,,12/3/2021,4813.549805,3185
12/6/2021,3115,3115,3028.25,3038.300049,3016.53833,1107363,4822,4822,4580.450195,4596.549805,4596.549805,47806,,,,,,,,,,,,,,,,,,12/6/2021,4822,3115
12/7/2021,3040,3069,3016.449951,3030.350098,3008.645264,2056459,4678,4716,4610.950195,4660.899902,4660.899902,31897,,,,,,,,,,,,,,,,,,12/7/2021,4678,3040
12/8/2021,3031.899902,3123,3031,3108.5,3086.235596,1171484,4709.75,4840,4709.75,4816.350098,4816.350098,44443,,,,,,,,,,,,,,,,,,12/8/2021,4709.75,3031.899902
12/9/2021,3152.399902,3183.050049,3111,3178.699951,3155.932617,1287243,4839.5,4875.200195,4777.5,4820.799805,4820.799805,29450,,,,,,,,,,,,,,,,,,12/9/2021,4839.5,3152.399902
12/10/2021,3184,3292,3178.699951,3283.149902,3259.634521,2554394,4810,4810,4775.450195,4795.850098,4795.850098,6939,,,,,,,,,,,,,,,,,,12/10/2021,4810,3184
12/13/2021,3285.100098,3341,3270.949951,3279.850098,3256.358154,1265832,4839,4871.549805,4751,4766.600098,4766.600098,12164,,,,,,,,,,,,,,,,,,12/13/2021,4839,3285.100098
12/14/2021,3274,3305,3249,3297.5,3273.881836,863179,4770,4837.75,4716.049805,4814.049805,4814.049805,74491,,,,,,,,,,,,,,,,,,12/14/2021,4770,3274
12/15/2021,3278.149902,3313.949951,3266.5,3301.949951,3278.299805,811946,4785.299805,4810.5,4741,4750.350098,4750.350098,9857,,,,,,,,,,Open,4131.100098,,,,,,,12/15/2021,4785.299805,3278.149902
12/16/2021,3325,3325,3270.600098,3298.600098,3274.973877,502930,4790,4812.399902,4726.850098,4739.5,4739.5,17018,,,,,,,,,,High,4141.350098,,,,,,,12/16/2021,4790,3325
12/17/2021,3275,3293.300049,3227.699951,3243.699951,3220.467041,1019403,4780,4788,4671.75,4696.899902,4696.899902,11790,,,,,,,,,,Low,4083.100098,,,,,,,12/17/2021,4780,3275
12/20/2021,3227,3275,3181,3239.449951,3216.247314,948872,4683,4686.799805,4553.600098,4615.850098,4615.850098,20601,,,,,,,,,,52 Week High,5178.549805,,,,,,,12/20/2021,4683,3227
12/21/2021,3247,3296,3240,3271.350098,3247.919189,712026,4615,4678.100098,4572,4586.850098,4586.850098,12352,,,,,,,,,,52 Week Low,3185.100098,,,,,,,12/21/2021,4615,3247
12/22/2021,3275.699951,3285.649902,3241,3280.100098,3256.606445,619865,4605,4695.149902,4587.149902,4655.299805,4655.299805,20699,,,,,,,,,,,,,,,,,,12/22/2021,4605,3275.699951
12/23/2021,3290,3307.899902,3250,3267.899902,3244.493652,1051596,4695.200195,4695.200195,4635,4648.700195,4648.700195,11913,,,,,,,,,,,,,,,,,,12/23/2021,4695.200195,3290
12/24/2021,3280,3300,3261,3284.800049,3261.272705,651404,4675.25,4675.25,4615,4627.200195,4627.200195,13971,,,,,,,,,,,,,,,,,,12/24/2021,4675.25,3280
12/27/2021,3280.100098,3284.75,3226.199951,3272.399902,3248.961426,640701,4620,4679.350098,4559,4669.25,4669.25,13871,,,,,,,,,,,,,,,,,,12/27/2021,4620,3280.100098
12/28/2021,3275.949951,3375,3273,3368.199951,3344.075439,1211648,4675,4759,4644.149902,4722.049805,4722.049805,26702,,,,,,,,,,,,,,,,,,12/28/2021,4675,3275.949951
12/29/2021,3372.199951,3386,3346.199951,3367.449951,3343.330566,598421,4739,4748,4670.899902,4682.25,4682.25,46783,,,,,,,,,,,,,,,,,,12/29/2021,4739,3372.199951
12/30/2021,3363.25,3390,3350.300049,3365.699951,3341.593018,691223,4683,4696.850098,4630,4638.799805,4638.799805,10620,,,,,,,,,,,,,,,,,,12/30/2021,4683,3363.25
12/31/2021,3390,3405,3361.399902,3382.949951,3358.719727,570671,4638.799805,4689.450195,4638.799805,4669.700195,4669.700195,15530,,,,,,,,,,,,,,,,,,12/31/2021,4638.799805,3390
1/3/2022,3383,3440.899902,3383,3422.399902,3397.887207,696276,4770,4799,4704.100098,4712.649902,4712.649902,33568,,,,,,,,,,,,,,,,,,1/3/2022,4770,3383
1/4/2022,3434,3472.449951,3415.050049,3459.300049,3434.522949,790886,4765,4765,4687,4723.100098,4723.100098,29999,,,,,,,,,,,,,,,,,,1/4/2022,4765,3434
1/5/2022,3470,3540,3452.050049,3526.800049,3501.539551,1024506,4724,4725,4648.799805,4687.5,4687.5,11811,,,,,,,,,,,,,,,,,,1/5/2022,4724,3470
1/6/2022,3491.149902,3537.550049,3452.149902,3514.649902,3489.476318,1312743,4650,4718.25,4632,4705.299805,4705.299805,26005,,,,,,,,,,,,,,,,,,1/6/2022,4650,3491.149902
1/7/2022,3514.649902,3582,3496.550049,3576.300049,3550.684814,964364,4725,4748.950195,4698,4730.850098,4730.850098,13215,,,,,,,,,,,,,,,,,,1/7/2022,4725,3514.649902
1/10/2022,3580,3590,3527,3553.5,3528.048096,657511,4798.899902,4798.899902,4620,4633.049805,4633.049805,37235,,,,,,,,,,,,,,,,,,1/10/2022,4798.899902,3580
1/11/2022,3550.600098,3564,3495.050049,3538.75,3513.403809,734344,4651,4651,4500,4506.200195,4506.200195,31491,,,,,,,,,,,,,,,,,,1/11/2022,4651,3550.600098
1/12/2022,3556.899902,3582.449951,3534,3543.800049,3518.417725,594543,4499,4499,4165.100098,4277.799805,4277.799805,211117,,,,,,,,,,,,,,,,,,1/12/2022,4499,3556.899902
1/13/2022,3560,3560,3450,3456.25,3431.494629,1153984,4299.899902,4356.799805,4223.649902,4255.25,4255.25,104496,,,,,,,,,,,,,,,,,,1/13/2022,4299.899902,3560
1/14/2022,3462,3462,3346,3364.399902,3340.30249,1558978,4270,4347,4255.25,4323.600098,4323.600098,73803,,,,,,,,,,,,,,,,,,1/14/2022,4270,3462
1/17/2022,3364.399902,3399,3321,3378.649902,3354.450195,1103159,4353.600098,4412.049805,4291,4399.149902,4399.149902,68616,,,,,,,,,,,,,,,,,,1/17/2022,4353.600098,3364.399902
1/18/2022,3379.050049,3396.449951,3351,3373.699951,3349.535889,558543,4440,4503.600098,4384.649902,4439.850098,4439.850098,32030,,,,,,,,,,,,,,,,,,1/18/2022,4440,3379.050049
1/19/2022,3370,3370,3267.75,3280.399902,3256.904053,1495218,4447,4503.600098,4365.100098,4474.399902,4474.399902,18767,,,,,,,,,,,,,,,,,,1/19/2022,4447,3370
1/20/2022,3282,3364.899902,3222,3306.399902,3282.717773,3075678,4505,4515,4465,4486.600098,4486.600098,16185,,,,,,,,,,,,,,,,,,1/20/2022,4505,3282
1/21/2022,3300.050049,3324.949951,3241.75,3274.850098,3251.394043,1441694,4410,4430.450195,4282,4301.399902,4301.399902,65573,,,,,,,,,,,,,,,,,,1/21/2022,4410,3300.050049
1/24/2022,3268,3270,3135,3155.149902,3132.55127,1575665,4300,4316,3975.25,4036.399902,4036.399902,133461,,,,,,,,,,,,,,,,,,1/24/2022,4300,3268
1/25/2022,3100,3156.949951,3010.75,3147.100098,3124.559082,2699779,4015,4120,3881.050049,4094.25,4094.25,84559,,,,,,,,,,,,,,,,,,1/25/2022,4015,3100
1/27/2022,3140.100098,3143,3071.25,3116.949951,3094.624756,1834684,4068.5,4145.200195,3997.850098,4063.350098,4063.350098,30797,,,,,,,,,,,,,,,,,,1/27/2022,4068.5,3140.100098
1/28/2022,3130,3170,3103,3110.850098,3088.568604,892060,4112,4150,4050,4072,4072,42699,,,,,,,,,,,,,,,,,,1/28/2022,4112,3130
1/31/2022,3140,3193.449951,3136.399902,3152.25,3129.672119,944530,4140,4167.75,4095,4116.399902,4116.399902,14671,,,,,,,,,,,,,,,,,,1/31/2022,4140,3140
2/1/2022,3194,3212.350098,3141.600098,3196.25,3173.356934,1008915,4140,4275,4089.100098,4223.149902,4223.149902,37392,,,,,,,,,,,,,,,,,,2/1/2022,4140,3194
2/2/2022,3204.800049,3244.149902,3192.149902,3197.699951,3174.796387,667265,4283,4283,4213.549805,4243.299805,4243.299805,14377,,,,,,,,,,,,,,,,,,2/2/2022,4283,3204.800049
2/3/2022,3212.850098,3241.600098,3190.199951,3203,3180.058594,899753,4249.950195,4249.950195,4125,4138.5,4138.5,32029,,,,,,,,,,,,,,,,,,2/3/2022,4249.950195,3212.850098
2/4/2022,3188,3248.800049,3176.050049,3236.649902,3213.467529,705765,4138.5,4138.5,4075.949951,4083.25,4083.25,11087,,,,,,,,,,,,,,,,,,2/4/2022,4138.5,3188
2/7/2022,3234,3251.199951,3143.100098,3174.699951,3151.961182,860393,4088,4145,4045.050049,4071.5,4071.5,29279,,,,,,,,,,,,,,,,,,2/7/2022,4088,3234
2/8/2022,3179,3223.5,3166.199951,3216.350098,3193.312988,799206,4087,4125,3995.199951,4012.899902,4012.899902,15148,,,,,,,,,,,,,,,,,,2/8/2022,4087,3179
2/9/2022,3230,3259,3222.75,3228.350098,3205.227051,472725,4075,4075,3980,4003.800049,4003.800049,15686,,,,,,,,,,,,,,,,,,2/9/2022,4075,3230
2/10/2022,3220,3248,3176,3238.75,3215.55249,728666,4025,4179,4001,4162.950195,4162.950195,50041,,,,,,,,,,,,,,,,,,2/10/2022,4025,3220
2/11/2022,3229.949951,3229.949951,3182.5,3216.300049,3193.263428,587840,4067.600098,4155.75,4067.600098,4139.350098,4139.350098,30438,,,,,,,,,,,,,,,,,,2/11/2022,4067.600098,3229.949951
2/14/2022,3140,3182.699951,3120,3143.449951,3120.935059,681236,4080,4124.950195,3957.600098,3979.800049,3979.800049,19738,,,,,,,,,,,,,,,,,,2/14/2022,4080,3140
2/15/2022,3140,3270,3132.850098,3264.600098,3241.217529,676844,3980.649902,4126,3980.649902,4082.25,4082.25,35383,,,,,,,,,,,,,,,,,,2/15/2022,3980.649902,3140
2/16/2022,3280,3285.100098,3223,3252.850098,3229.551758,624320,4140,4153,4035,4049.25,4049.25,23803,,,,,,,,,,,,,,,,,,2/16/2022,4140,3280
2/17/2022,3273,3294.949951,3236.399902,3265.850098,3242.458496,636735,4118,4151.5,4082.050049,4116.649902,4116.649902,7807,,,,,,,,,,,,,,,,,,2/17/2022,4118,3273
2/18/2022,3236.149902,3272,3230.050049,3258.449951,3235.111328,423801,4071,4121.799805,4055.449951,4070.699951,4070.699951,15842,,,,,,,,,,,,,,,,,,2/18/2022,4071,3236.149902
2/21/2022,3235,3278.449951,3204.149902,3251.649902,3228.360107,547472,4060,4169.799805,3992,4092.5,4092.5,18078,,,,,,,,,,,,,,,,,,2/21/2022,4060,3235
2/22/2022,3120,3236.800049,3120,3227.149902,3204.0354,1147209,4041,4184.200195,3990.050049,4156.5,4156.5,19930,,,,,,,,,,,,,,,,,,2/22/2022,4041,3120
2/23/2022,3236.899902,3296.899902,3230,3237.199951,3214.013428,935896,4160,4214.799805,4137.350098,4196,4196,14409,,,,,,,,,,,,,,,,,,2/23/2022,4160,3236.899902
2/24/2022,3130,3197.800049,3051.5,3069.050049,3047.067871,1823450,3951,4138.950195,3951,4022.449951,4022.449951,91444,,,,,,,,,,,,,,,,,,2/24/2022,3951,3130
2/25/2022,3105,3141.449951,3083.050049,3119.199951,3096.858887,1239456,4047.550049,4210,4039.350098,4189.75,4189.75,51015,,,,,,,,,,,,,,,,,,2/25/2022,4047.550049,3105
2/28/2022,3090,3190.5,3015,3174.649902,3151.911377,1678348,4187,4351,4063.449951,4339.850098,4339.850098,24618,,,,,,,,,,,,,,,,,,2/28/2022,4187,3090
3/2/2022,3107,3111.199951,2991.100098,3028.949951,3007.255371,3014206,4280.049805,4447.549805,4271,4296.200195,4296.200195,22980,,,,,,,,,,,,,,,,,,3/2/2022,4280.049805,3107
3/3/2022,3029,3051,2862,2871.899902,2851.329834,4406840,4350,4398.850098,4254,4272.350098,4272.350098,28601,,,,,,,,,,,,,,,,,,3/3/2022,4350,3029
3/4/2022,2863.800049,2863.800049,2662.050049,2738.149902,2718.537842,6979253,4263.899902,4263.899902,4077,4108.450195,4108.450195,25825,,,,,,,,,,,,,,,,,,3/4/2022,4263.899902,2863.800049
3/7/2022,2649.899902,2727.949951,2599.350098,2708.449951,2689.050537,3233760,4010,4174.950195,3970,3990.850098,3990.850098,37833,,,,,,,,,,,,,,,,,,3/7/2022,4010,2649.899902
3/8/2022,2690,2736.949951,2638,2723.399902,2703.893799,2611102,4047.899902,4160,3993,4114,4114,21598,,,,,,,,,,,,,,,,,,3/8/2022,4047.899902,2690
3/9/2022,2750,2890,2665.050049,2874.949951,2854.358154,4076068,4135.5,4170,4070.050049,4098.200195,4098.200195,16296,,,,,,,,,,,,,,,,,,3/9/2022,4135.5,2750
3/10/2022,3000,3040,2891.199951,2912.800049,2891.937256,3971987,4195,4238.799805,4141.600098,4167.25,4167.25,47093,,,,,,,,,,,,,,,,,,3/10/2022,4195,3000
3/11/2022,2917,2939.949951,2882.350098,2932,2910.999512,1265493,4190,4207.450195,4110.649902,4199.549805,4199.549805,12794,,,,,,,,,,,,,,,,,,3/11/2022,4190,2917
3/14/2022,2950,2972.350098,2917.300049,2962.800049,2941.579102,1214217,4181,4216,4150.049805,4167.049805,4167.049805,425518,,,,,,,,,,,,,,,,,,3/14/2022,4181,2950
3/15/2022,2998,3032,2966,2987.149902,2965.754639,1857685,4200,4251,4170,4222.75,4222.75,26853,,,,,,,,,,,,,,,,,,3/15/2022,4200,2998
3/16/2022,3043,3050,3010.75,3042,3020.21167,1287234,4225,4240,4156.5,4169.649902,4169.649902,13861,,,,,,,,,,,,,,,,,,3/16/2022,4225,3043
3/17/2022,3113.5,3163.300049,3076.5,3136.600098,3114.134277,2867519,4225,4239.850098,4165.549805,4193.100098,4193.100098,28852,,,,,,,,,,,,,,,,,,3/17/2022,4225,3113.5
3/21/2022,3117.300049,3117.300049,3030.100098,3045.75,3023.934814,1259015,4203,4210,4082,4097.399902,4097.399902,30205,,,,,,,,,,,,,,,,,,3/21/2022,4203,3117.300049
3/22/2022,3024,3062.699951,2975,3051.149902,3029.296143,1515772,4121.100098,4121.100098,4031.100098,4055.050049,4055.050049,24369,,,,,,,,,,,,,,,,,,3/22/2022,4121.100098,3024
3/23/2022,3060,3079.899902,3005,3016.800049,2995.192383,948403,4080,4116.450195,4067.350098,4089.300049,4089.300049,29285,,,,,,,,,,,,,,,,,,3/23/2022,4080,3060
3/24/2022,2969.5,3038.949951,2950.550049,3025.350098,3003.681152,1243917,4075,4089.949951,4031.550049,4043.850098,4043.850098,16329,,,,,,,,,,,,,,,,,,3/24/2022,4075,2969.5
3/25/2022,3025.350098,3064.550049,2991,3046.949951,3025.126221,1083275,4070,4070,3996,4000.850098,4000.850098,38846,,,,,,,,,,,,,,,,,,3/25/2022,4070,3025.350098
3/28/2022,3046.949951,3058.600098,2995.649902,3027.449951,3005.765869,680332,4036,4036,3975,4008.350098,4008.350098,14594,,,,,,,,,,,,,,,,,,3/28/2022,4036,3046.949951
3/29/2022,3069,3087.699951,3012.699951,3042.600098,3020.807373,1120936,4020,4037.699951,3986,4006.100098,4006.100098,15522,,,,,,,,,,,,,,,,,,3/29/2022,4020,3069
3/30/2022,3078,3094.350098,3055.899902,3081.550049,3059.478516,849545,4049,4083.399902,3948,3972.75,3972.75,63102,,,,,,,,,,,,,,,,,,3/30/2022,4049,3078
3/31/2022,3115,3129.25,3066.100098,3079.949951,3057.889893,1464862,4012,4040,3985.600098,3999.449951,3999.449951,14878,,,,,,,,,,,,,,,,,,3/31/2022,4012,3115
4/1/2022,3110,3121,3087.649902,3114.149902,3091.844971,637392,4024,4101.75,4001.800049,4082.300049,4082.300049,14113,,,,,,,,,,,,,,,,,,4/1/2022,4024,3110
4/4/2022,3124.949951,3143,3093.5,3118,3095.66748,873264,4110,4149.950195,4075,4107.100098,4107.100098,52376,,,,,,,,,,,,,,,,,,4/4/2022,4110,3124.949951
4/5/2022,3110,3157,3080,3140.800049,3118.304199,805874,4139,4146,4100,4107.850098,4107.850098,31906,,,,,,,,,,,,,,,,,,4/5/2022,4139,3110
4/6/2022,3137,3165,3113,3154,3131.409668,736379,4108,4137,4086.050049,4103.100098,4103.100098,10649,,,,,,,,,,,,,,,,,,4/6/2022,4108,3137
4/7/2022,3154,3208.949951,3145.5,3155,3132.402344,1025244,4100,4243,4090.949951,4157.700195,4157.700195,82757,,,,,,,,,,,,,,,,,,4/7/2022,4100,3154
4/8/2022,3168,3220,3151.199951,3206.25,3183.2854,678898,4160,4208.950195,4120.049805,4144.649902,4144.649902,8890,,,,,,,,,,,,,,,,,,4/8/2022,4160,3168
4/11/2022,3184,3222,3150,3157.449951,3134.834717,672652,4148,4200,4128.399902,4171.200195,4171.200195,9698,,,,,,,,,,,,,,,,,,4/11/2022,4148,3184
4/12/2022,3154.699951,3162.100098,3114.149902,3128.649902,3106.240967,794265,4171,4176.100098,4075,4085.649902,4085.649902,9285,,,,,,,,,,,,,,,,,,4/12/2022,4171,3154.699951
4/13/2022,3117.199951,3121.899902,3066.100098,3080.649902,3058.584717,1121350,4099,4115.549805,4081.149902,4090.5,4090.5,6127,,,,,,,,,,,,,,,,,,4/13/2022,4099,3117.199951
4/18/2022,3056,3058,3013,3021.550049,2999.908203,1032504,4085,4085,4012.199951,4055.800049,4055.800049,12573,,,,,,,,,,,,,,,,,,4/18/2022,4085,3056
4/19/2022,3030,3059.199951,2970,2991.199951,2969.775635,749782,4065,4125.600098,3975.100098,4009,4009,7997,,,,,,,,,,,,,,,,,,4/19/2022,4065,3030
4/20/2022,2991.300049,3089.5,2980,3083,3060.917969,838182,4020,4064.949951,4000,4054.399902,4054.399902,28290,,,,,,,,,,,,,,,,,,4/20/2022,4020,2991.300049
4/21/2022,3089.800049,3174.399902,3086.050049,3158.25,3135.62915,1069035,4095,4095,4015,4031,4031,5303,,,,,,,,,,,,,,,,,,4/21/2022,4095,3089.800049
4/22/2022,3121.5,3173.300049,3113.25,3164.399902,3141.735107,681191,4033.800049,4060,3997,4028.800049,4028.800049,18633,,,,,,,,,,,,,,,,,,4/22/2022,4033.800049,3121.5
4/25/2022,3134,3155.100098,3095.100098,3130.600098,3108.177246,1096774,4013.949951,4021,3977,3988.75,3988.75,7937,,,,,,,,,,,,,,,,,,4/25/2022,4013.949951,3134
4/26/2022,3130,3148.699951,3105.800049,3125.649902,3103.262451,1703441,3998,4048,3996.050049,4040.75,4040.75,9090,,,,,,,,,,,,,,,,,,4/26/2022,3998,3130
4/27/2022,3096,3164,3085.949951,3148.350098,3125.800049,963536,4024,4024,3962,3977.800049,3977.800049,6848,,,,,,,,,,,,,,,,,,4/27/2022,4024,3096
4/28/2022,3190,3268,3170,3247.699951,3224.438477,2001838,3997.949951,4052,3997.949951,4025.5,4025.5,28082,,,,,,,,,,,,,,,,,,4/28/2022,3997.949951,3190
4/29/2022,3249,3278,3221.300049,3237.199951,3214.013428,1088970,4030,4083.949951,3909.449951,3948.600098,3948.600098,28673,,,,,,,,,,,,,,,,,,4/29/2022,4030,3249
5/2/2022,3195,3211.5,3154.050049,3200,3177.080078,595522,3930,3995,3887.050049,3984.949951,3984.949951,27512,,,,,,,,,,,,,,,,,,5/2/2022,3930,3195
5/4/2022,3178,3194.699951,3081.449951,3100.850098,3078.640381,1120002,3988,4022.5,3850,3866.850098,3866.850098,219481,,,,,,,,,,,,,,,,,,5/4/2022,3988,3178
5/5/2022,3104.75,3126.949951,3070,3076.550049,3054.51416,724601,3925,3975,3776.75,3943.050049,3943.050049,19121,,,,,,,,,,,,,,,,,,5/5/2022,3925,3104.75
5/6/2022,3020,3052.399902,3003.899902,3016.25,2994.64624,923941,3880,3890.5,3604.649902,3664.550049,3664.550049,28410,,,,,,,,,,,,,,,,,,5/6/2022,3880,3020
5/9/2022,3000.850098,3038.800049,2975,3005.25,2983.725098,998324,3650,3657.399902,3486,3520.100098,3520.100098,28352,,,,,,,,,,,,,,,,,,5/9/2022,3650,3000.850098
5/10/2022,3051,3138.75,3036,3086.350098,3064.244141,2460016,3488,3548.949951,3403.149902,3415.949951,3415.949951,24612,,,,,,,,,,,,,,,,,,5/10/2022,3488,3051
5/11/2022,3090.399902,3109.550049,2979,3053.649902,3031.77832,1883969,3439,3499,3312.25,3340.75,3340.75,60045,,,,,,,,,,,,,,,,,,5/11/2022,3439,3090.399902
5/12/2022,3042,3078,2988,3039.949951,3018.17627,1254245,3310,3335,3247,3262.300049,3262.300049,56858,,,,,,,,,,,,,,,,,,5/12/2022,3310,3042
5/13/2022,3074.399902,3116.25,3035.300049,3064,3042.054199,1121729,3370,3370,3206.75,3234.949951,3234.949951,24305,,,,,,,,,,,,,,,,,,5/13/2022,3370,3074.399902
5/16/2022,3089.899902,3089.899902,2985.199951,2999.899902,2978.413086,733044,3272,3620,3185.100098,3562.899902,3562.899902,120276,,,,,,,,,,,,,,,,,,5/16/2022,3272,3089.899902
5/17/2022,2998.899902,3056.600098,2951,3050,3028.154541,1179081,3614.399902,3722.050049,3475,3664.149902,3664.149902,77398,,,,,,,,,,,,,,,,,,5/17/2022,3614.399902,2998.899902
5/18/2022,3030,3128.800049,3026,3100.100098,3077.895752,1379763,3724,3781.949951,3639.699951,3660.699951,3660.699951,68204,,,,,,,,,,,,,,,,,,5/18/2022,3724,3030
5/19/2022,3000.5,3071.699951,3000.449951,3046.899902,3025.076416,772390,3549,3647.949951,3490.850098,3617.850098,3617.850098,30177,,,,,,,,,,,,,,,,,,5/19/2022,3549,3000.5
5/20/2022,3080,3125,3070,3109.949951,3087.675049,778957,3707.050049,3715.949951,3610,3627.550049,3627.550049,36580,,,,,,,,,,,,,,,,,,5/20/2022,3707.050049,3080
5/23/2022,3143.949951,3188,3130.050049,3174.199951,3151.464844,813294,3679.5,3691.949951,3551.600098,3570.199951,3570.199951,14016,,,,,,,,,,,,,,,,,,5/23/2022,3679.5,3143.949951
5/24/2022,3174.75,3183.649902,3070,3086.850098,3064.740723,691307,3589.800049,3685.050049,3577.5,3658.199951,3658.199951,13927,,,,,,,,,,,,,,,,,,5/24/2022,3589.800049,3174.75
5/25/2022,3039,3039,2826.300049,2838.050049,2817.722656,3381427,3683,3694.449951,3555.550049,3586.100098,3586.100098,20008,,,,,,,,,,,,,,,,,,5/25/2022,3683,3039
5/26/2022,2850,2860,2718.550049,2840.149902,2819.807617,3212196,3621.300049,3629,3465.100098,3579.649902,3579.649902,18033,,,,,,,,,,,,,,,,,,5/26/2022,3621.300049,2850
5/27/2022,2868,2869,2781,2834.850098,2814.545654,1879534,3620,3647.75,3588.399902,3611.699951,3611.699951,16412,,,,,,,,,,,,,,,,,,5/27/2022,3620,2868
5/30/2022,2880,2884,2817,2844,2823.629883,2525482,3675,3821.100098,3648,3798,3798,19383,,,,,,,,,,,,,,,,,,5/30/2022,3675,2880
5/31/2022,2844,2878,2811,2859.649902,2839.167725,2408221,3810,4048,3768.25,3973.199951,3973.199951,90656,,,,,,,,,,,,,,,,,,5/31/2022,3810,2844
6/1/2022,2859.649902,2939.899902,2832.050049,2852.5,2832.069092,1770795,3970,4037.899902,3815.199951,3871.899902,3871.899902,52799,,,,,,,,,,,,,,,,,,6/1/2022,3970,2859.649902
6/2/2022,2870.199951,2919,2848,2908.550049,2887.717529,1164197,3899.949951,3926.050049,3833,3857.5,3857.5,20342,,,,,,,,,,,,,,,,,,6/2/2022,3899.949951,2870.199951
6/3/2022,2905,2919.449951,2856,2886.899902,2866.222412,1228489,3905,3905,3767.800049,3823.600098,3823.600098,25857,,,,,,,,,,,,,,,,,,6/3/2022,3905,2905
6/6/2022,2871.100098,2872,2807.699951,2817.449951,2797.27002,1193698,3805,3805,3675,3736.050049,3736.050049,30143,,,,,,,,,,,,,,,,,,6/6/2022,3805,2871.100098
6/7/2022,2800,2804,2731,2744.699951,2725.04126,1403598,3728,3778.600098,3653,3725.949951,3725.949951,21792,,,,,,,,,,,,,,,,,,6/7/2022,3728,2800
6/8/2022,2771.899902,2775,2700,2705.199951,2685.823975,1743575,3751,3766,3700.050049,3738.300049,3738.300049,10263,,,,,,,,,,,,,,,,,,6/8/2022,3751,2771.899902
6/9/2022,2680,2697.600098,2633.75,2686.800049,2682.928467,1857501,3725,3850,3693,3832.949951,3832.949951,18418,,,,,,,,,,,,,,,,,,6/9/2022,3725,2680
6/10/2022,2665,2736,2652,2708.75,2704.84668,1592920,3780,3838.699951,3735.949951,3755.550049,3755.550049,19059,,,,,,,,,,,,,,,,,,6/10/2022,3780,2665
6/13/2022,2669.949951,2683,2642.5,2660.75,2656.915771,1674206,3730,3742.850098,3643.5,3660.550049,3660.550049,11396,,,,,,,,,,,,,,,,,,6/13/2022,3730,2669.949951
6/14/2022,2617,2666.350098,2585,2635.399902,2631.602295,2296040,3645,3712.550049,3553,3642.25,3642.25,27237,,,,,,,,,,,,,,,,,,6/14/2022,3645,2617
6/15/2022,2650,2683.600098,2627.100098,2661.149902,2657.315186,928842,3669,3744,3645,3662.600098,3662.600098,9916,,,,,,,,,,,,,,,,,,6/15/2022,3669,2650
6/16/2022,2694.949951,2725.449951,2640,2657.449951,2653.620605,1280628,3735.899902,3735.899902,3562.600098,3678.75,3678.75,12783,,,,,,,,,,,,,,,,,,6/16/2022,3735.899902,2694.949951
6/17/2022,2650.100098,2657,2560,2580.199951,2576.481934,2043251,3684,3684,3414.75,3460.350098,3460.350098,30838,,,,,,,,,,,,,,,,,,6/17/2022,3684,2650.100098
6/20/2022,2600,2673.350098,2588.350098,2660.699951,2656.865967,1595360,3499,3544.649902,3458.25,3477.5,3477.5,12181,,,,,,,,,,,,,,,,,,6/20/2022,3499,2600
6/21/2022,2674.949951,2710,2640,2678.350098,2674.490479,1042074,3513.899902,3545.100098,3451,3516.350098,3516.350098,14872,,,,,,,,,,,,,,,,,,6/21/2022,3513.899902,2674.949951
6/22/2022,2688,2707.949951,2626.350098,2666.350098,2662.507813,1871760,3520,3520.100098,3468,3489.949951,3489.949951,6421,,,,,,,,,,,,,,,,,,6/22/2022,3520,2688
6/23/2022,2674.949951,2767.949951,2674.949951,2758.199951,2754.225342,1612872,3470,3503.050049,3390.350098,3438.899902,3438.899902,33395,,,,,,,,,,,,,,,,,,6/23/2022,3470,2674.949951
6/24/2022,2775,2784.800049,2726,2760.899902,2756.921387,2215583,3489.899902,3489.899902,3392,3411.149902,3411.149902,15181,,,,,,,,,,,,,,,,,,6/24/2022,3489.899902,2775
6/27/2022,2779.899902,2827.649902,2765,2820.949951,2816.88501,1295734,3460,3460,3399,3406.649902,3406.649902,8699,,,,,,,,,,,,,,,,,,6/27/2022,3460,2779.899902
6/28/2022,2780,2784.800049,2704.300049,2726.5,2722.571045,1838358,3413.899902,3495,3374.850098,3479.100098,3479.100098,13975,,,,,,,,,,,,,,,,,,6/28/2022,3413.899902,2780
6/29/2022,2706.5,2719,2678,2697.800049,2693.912598,1066354,3459,3525.399902,3427,3443.949951,3443.949951,11026,,,,,,,,,,,,,,,,,,6/29/2022,3459,2706.5
6/30/2022,2714.850098,2726.949951,2680,2695.199951,2691.316162,1291447,3470,3473.800049,3370,3396.300049,3396.300049,7967,,,,,,,,,,,,,,,,,,6/30/2022,3470,2714.850098
7/1/2022,2704.899902,2780,2685,2773.149902,2769.153809,1477191,3396.300049,3403.75,3332.699951,3386.850098,3386.850098,10837,,,,,,,,,,,,,,,,,,7/1/2022,3396.300049,2704.899902
7/4/2022,2775.149902,2798,2744.800049,2790.300049,2786.279297,653147,3538,3554.699951,3460.649902,3495.600098,3495.600098,26640,,,,,,,,,,,,,,,,,,7/4/2022,3538,2775.149902
7/5/2022,2785,2812.300049,2760,2766.600098,2762.613525,1073043,3520,3650,3518,3638.949951,3638.949951,63440,,,,,,,,,,,,,,,,,,7/5/2022,3520,2785
7/6/2022,2830.550049,2869,2805.149902,2861.399902,2857.276611,2085735,3645,3830.100098,3645,3801.449951,3801.449951,28153,,,,,,,,,,,,,,,,,,7/6/2022,3645,2830.550049
7/7/2022,2901.399902,2932,2876.800049,2891.399902,2887.233398,1469087,3868.149902,3930,3830.050049,3849.649902,3849.649902,45074,,,,,,,,,,,,,,,,,,7/7/2022,3868.149902,2901.399902
7/8/2022,2880,2888,2840.5,2879.800049,2875.650146,1274148,3890.399902,3974,3852,3942.050049,3942.050049,22821,,,,,,,,,,,,,,,,,,7/8/2022,3890.399902,2880
7/11/2022,2874,2940.550049,2851.350098,2933.050049,2928.823486,1081885,4023,4091.899902,3890,3986.149902,3986.149902,157042,,,,,,,,,,,,,,,,,,7/11/2022,4023,2874
7/12/2022,2920,2923.25,2885.399902,2893.199951,2889.030762,1115524,3986.149902,3986.149902,3854.850098,3882.100098,3882.100098,23742,,,,,,,,,,,,,,,,,,7/12/2022,3986.149902,2920
7/13/2022,2949,2968.949951,2926.050049,2941.199951,2936.96167,2153712,3895,3942,3870,3881.100098,3881.100098,32185,,,,,,,,,,,,,,,,,,7/13/2022,3895,2949
7/14/2022,2952.100098,2954.850098,2912.399902,2939.149902,2934.914551,882479,3905,3942.949951,3883.149902,3923.399902,3923.399902,12096,,,,,,,,,,,,,,,,,,7/14/2022,3905,2952.100098
7/15/2022,2949.949951,2985,2940.449951,2978.149902,2973.858398,1668006,3925,3939.949951,3890,3926.449951,3926.449951,6891,,,,,,,,,,,,,,,,,,7/15/2022,3925,2949.949951
7/18/2022,2994.75,3025,2988.399902,3017.850098,3013.501465,823390,3950,3967,3922.800049,3943.5,3943.5,202516,,,,,,,,,,,,,,,,,,7/18/2022,3950,2994.75
7/19/2022,2983.449951,3023,2978.149902,3019.100098,3014.749512,638171,3929,3941,3912.149902,3930.050049,3930.050049,6414,,,,,,,,,,,,,,,,,,7/19/2022,3929,2983.449951
7/20/2022,3033,3044.699951,3000,3006.449951,3002.117676,867436,3974.949951,3974.949951,3901.050049,3912.550049,3912.550049,9985,,,,,,,,,,,,,,,,,,7/20/2022,3974.949951,3033
7/21/2022,2981,3084.949951,2981,3066.100098,3061.681885,1184060,3940,4055,3923.5,4034.25,4034.25,21344,,,,,,,,,,,,,,,,,,7/21/2022,3940,2981
7/22/2022,3066.100098,3092.75,3048,3067.399902,3062.979736,1268141,4064,4070.350098,3953.050049,3961.75,3961.75,21250,,,,,,,,,,,,,,,,,,7/22/2022,4064,3066.100098
7/25/2022,3069.5,3117.199951,3051.649902,3104.949951,3100.47583,985844,3979,4050,3936.550049,4040.949951,4040.949951,21215,,,,,,,,,,,,,,,,,,7/25/2022,3979,3069.5
7/26/2022,3096,3149.800049,3053,3108.5,3104.020752,2876310,4040,4040,3906.800049,3932.550049,3932.550049,23672,,,,,,,,,,,,,,,,,,7/26/2022,4040,3096
7/27/2022,3118.949951,3193,3096,3186.050049,3181.458984,1976407,3931,4009.949951,3920,3998.149902,3998.149902,23200,,,,,,,,,,,,,,,,,,7/27/2022,3931,3118.949951
7/28/2022,3198,3280,3182,3272.399902,3267.684326,1332572,4029,4167.200195,3998.850098,4147.25,4147.25,26983,,,,,,,,,,,,,,,,,,7/28/2022,4029,3198
7/29/2022,3285.399902,3354.350098,3275,3333.75,3328.946045,1836550,4224.75,4250,4185,4242.950195,4242.950195,22169,,,,,,,,,,,,,,,,,,7/29/2022,4224.75,3285.399902
8/1/2022,3340.050049,3355,3314.5,3324.550049,3319.759277,1076122,4245.5,4316.700195,4245.5,4306.649902,4306.649902,203538,,,,,,,,,,,,,,,,,,8/1/2022,4245.5,3340.050049
8/2/2022,3331,3404.75,3325.600098,3396.149902,3391.256104,1650536,4306.649902,4306.649902,4219.299805,4257.700195,4257.700195,8920,,,,,,,,,,,,,,,,,,8/2/2022,4306.649902,3331
8/3/2022,3404,3448,3371.25,3439.649902,3434.693359,1169005,4257,4296.549805,4180.549805,4249.399902,4249.399902,10949,,,,,,,,,,,,,,,,,,8/3/2022,4257,3404
8/4/2022,3455,3476.949951,3410.899902,3460.5,3455.513428,981434,4271.299805,4320,4177,4237.049805,4237.049805,15338,,,,,,,,,,,,,,,,,,8/4/2022,4271.299805,3455
8/5/2022,3475,3491.949951,3451.550049,3473.899902,3468.894043,792478,4245,4295,4189.700195,4235.350098,4235.350098,15841,,,,,,,,,,,,,,,,,,8/5/2022,4245,3475
8/8/2022,3465,3476.949951,3436.550049,3458.449951,3453.466309,724644,4226,4265.049805,4226,4249.549805,4249.549805,14653,,,,,,,,,,,,,,,,,,8/8/2022,4226,3465
8/10/2022,3441,3449.850098,3396,3411.649902,3406.733643,1089295,4265,4279.450195,4218.850098,4249.700195,4249.700195,7218,,,,,,,,,,,,,,,,,,8/10/2022,4265,3441
8/11/2022,3450,3477.949951,3390,3405.199951,3400.292969,1410533,4290,4295,4255.200195,4271.75,4271.75,14930,,,,,,,,,,,,,,,,,,8/11/2022,4290,3450
8/12/2022,3399,3434.800049,3383,3427.850098,3422.910645,548472,4274.850098,4385.299805,4252.649902,4335.549805,4335.549805,43947,,,,,,,,,,,,,,,,,,8/12/2022,4274.850098,3399
8/16/2022,3470,3509.449951,3455.300049,3501,3495.955078,911189,4350,4410.950195,4350,4402.450195,4402.450195,12570,,,,,,,,,,,,,,,,,,8/16/2022,4350,3470
8/17/2022,3517.949951,3545.649902,3504.600098,3523.699951,3518.622314,817912,4425,4437.600098,4369.100098,4397.200195,4397.200195,36735,,,,,,,,,,,,,,,,,,8/17/2022,4425,3517.949951
8/18/2022,3525,3542.699951,3515.550049,3535.350098,3530.255615,599877,4411,4494.350098,4402,4461.649902,4461.649902,17527,,,,,,,,,,,,,,,,,,8/18/2022,4411,3525
8/19/2022,3520,3538.5,3464,3482.550049,3477.531738,581829,4490,4524,4351.149902,4379.700195,4379.700195,51376,,,,,,,,,,,,,,,,,,8/19/2022,4490,3520
8/22/2022,3462.100098,3485.550049,3333.199951,3349.75,3344.923096,2336567,4379,4379,4233.75,4251.049805,4251.049805,11983,,,,,,,,,,,,,,,,,,8/22/2022,4379,3462.100098
8/23/2022,3333,3383.949951,3316.850098,3356.600098,3351.763184,831446,4176,4299.100098,4168.049805,4259.700195,4259.700195,27058,,,,,,,,,,,,,,,,,,8/23/2022,4176,3333
8/24/2022,3339.600098,3385,3302,3378.850098,3373.981201,1182154,4261,4356.649902,4261,4303.700195,4303.700195,21548,,,,,,,,,,,,,,,,,,8/24/2022,4261,3339.600098
8/25/2022,3375,3405.149902,3351.199951,3362.5,3357.654541,615392,4319,4395.649902,4314.549805,4339.5,4339.5,7597,,,,,,,,,,,,,,,,,,8/25/2022,4319,3375
8/26/2022,3379.350098,3384.5,3305.649902,3323.550049,3318.760742,1384783,4384,4415,4377.25,4409.600098,4409.600098,7538,,,,,,,,,,,,,,,,,,8/26/2022,4384,3379.350098
8/29/2022,3247,3348.350098,3236.699951,3343.25,3338.432373,1031166,4270,4446,4270,4431.149902,4431.149902,17514,,,,,,,,,,,,,,,,,,8/29/2022,4270,3247
8/30/2022,3331,3409.75,3331,3391.600098,3386.712891,1426459,4466,4550,4466,4531.25,4531.25,14824,,,,,,,,,,,,,,,,,,8/30/2022,4466,3331
9/1/2022,3315,3474.399902,3315,3446.550049,3441.583496,1417762,4475.049805,4599,4462.350098,4569.200195,4569.200195,20781,,,,,,,,,,,,,,,,,,9/1/2022,4475.049805,3315
9/2/2022,3489,3489,3425,3431.050049,3426.105957,740821,4560.049805,4606,4512.600098,4576.149902,4576.149902,27611,,,,,,,,,,,,,,,,,,9/2/2022,4560.049805,3489
9/5/2022,3425.050049,3450,3405.550049,3424.800049,3419.86499,518438,4575.100098,4605.25,4550,4575,4575,8944,,,,,,,,,,,,,,,,,,9/5/2022,4575.100098,3425.050049
9/6/2022,3420,3434.550049,3384,3395.25,3390.357422,540937,4585,4605.049805,4532.549805,4555.450195,4555.450195,6158,,,,,,,,,,,,,,,,,,9/6/2022,4585,3420
9/7/2022,3392,3435,3385.949951,3400.350098,3395.450195,682921,4540,4546.799805,4405,4432.899902,4432.899902,11258,,,,,,,,,,,,,,,,,,9/7/2022,4540,3392
9/8/2022,3450,3484.649902,3427.399902,3450.149902,3445.178223,1143090,4484,4491.700195,4391,4405.950195,4405.950195,17488,,,,,,,,,,,,,,,,,,9/8/2022,4484,3450
9/9/2022,3483.699951,3483.699951,3433.449951,3441.850098,3436.890381,702805,4430,4449.799805,4369.899902,4382.950195,4382.950195,18291,,,,,,,,,,,,,,,,,,9/9/2022,4430,3483.699951
9/12/2022,3441.850098,3453.649902,3423,3432.199951,3427.25415,641280,4425,4475.149902,4405.950195,4445.299805,4445.299805,12997,,,,,,,,,,,,,,,,,,9/12/2022,4425,3441.850098
9/13/2022,3432,3459,3414.649902,3422.199951,3417.268555,776044,4450,4509.899902,4450,4489.649902,4489.649902,26908,,,,,,,,,,,,,,,,,,9/13/2022,4450,3432
9/14/2022,3380,3448.5,3380,3438.949951,3433.994385,816678,4440,4520,4426.149902,4480.799805,4480.799805,8360,,,,,,,,,,,,,,,,,,9/14/2022,4440,3380
9/15/2022,3440,3458.75,3389.100098,3395.399902,3390.50708,590182,4486,4540,4475,4526.600098,4526.600098,29140,,,,,,,,,,,,,,,,,,9/15/2022,4486,3440
9/16/2022,3412.399902,3420,3309.550049,3322.550049,3317.762207,1598265,4496.299805,4550,4287,4320.5,4320.5,48203,,,,,,,,,,,,,,,,,,9/16/2022,4496.299805,3412.399902
9/19/2022,3320.649902,3342.100098,3231.300049,3316.25,3311.471191,1013563,4325,4414.350098,4276.549805,4349.5,4349.5,180679,,,,,,,,,,,,,,,,,,9/19/2022,4325,3320.649902
9/20/2022,3335.600098,3410,3334,3393.199951,3388.310303,708184,4390,4412.700195,4328.899902,4350.100098,4350.100098,40147,,,,,,,,,,,,,,,,,,9/20/2022,4390,3335.600098
9/21/2022,3405,3424.899902,3348,3356.050049,3351.213867,605378,4350,4391,4291,4307.200195,4307.200195,17109,,,,,,,,,,,,,,,,,,9/21/2022,4350,3405
9/22/2022,3356.050049,3440,3315.649902,3436,3431.048828,829396,4276,4448.049805,4262,4430,4430,26417,,,,,,,,,,,,,,,,,,9/22/2022,4276,3356.050049
9/23/2022,3435,3437.949951,3382.699951,3395.25,3390.357422,513370,4421,4474.350098,4350,4368.600098,4368.600098,10201,,,,,,,,,,,,,,,,,,9/23/2022,4421,3435
9/26/2022,3370,3468,3354,3438.050049,3433.095703,1429914,4321,4447,4220.899902,4373.200195,4373.200195,45592,,,,,,,,,,,,,,,,,,9/26/2022,4321,3370
9/27/2022,3454.850098,3500,3431.050049,3470.649902,3465.648682,1455383,4334.649902,4412.75,4275,4283.200195,4283.200195,11571,,,,,,,,,,,,,,,,,,9/27/2022,4334.649902,3454.850098
9/28/2022,3451,3582.899902,3420,3570.649902,3565.504639,1843428,4250,4366.350098,4226.399902,4315.850098,4315.850098,22105,,,,,,,,,,,,,,,,,,9/28/2022,4250,3451
9/29/2022,3563.449951,3563.449951,3372.399902,3384.800049,3379.922607,2624894,4350,4414.899902,4222,4250.950195,4250.950195,13478,,,,,,,,,,,,,,,,,,9/29/2022,4350,3563.449951
9/30/2022,3402,3411.899902,3285.25,3342.449951,3337.633545,2159720,4275,4402.149902,4252,4391.75,4391.75,32043,,,,,,,,,,,,,,,,,,9/30/2022,4275,3402
10/3/2022,3348,3352.5,3285.75,3302.899902,3298.140381,934543,4335.100098,4465,4335.100098,4425.649902,4425.649902,36553,,,,,,,,,,,,,,,,,,10/3/2022,4335.100098,3348
10/4/2022,3330,3368.350098,3312.050049,3337.75,3332.940186,994382,4601.899902,4601.899902,4460.75,4476.5,4476.5,33428,,,,,,,,,,,,,,,,,,10/4/2022,4601.899902,3330
10/6/2022,3337.75,3366.75,3311.699951,3328.949951,3324.152832,922770,4512,4544.149902,4400.549805,4416,4416,14341,,,,,,,,,,,,,,,,,,10/6/2022,4512,3337.75
10/7/2022,3318,3359.600098,3287.25,3343.699951,3338.881592,774544,4422.049805,4479.799805,4412.899902,4469.049805,4469.049805,23127,,,,,,,,,,,,,,,,,,10/7/2022,4422.049805,3318
10/10/2022,3280,3299,3260.199951,3277.949951,3273.226318,734377,4431,4510.350098,4406.149902,4472.700195,4472.700195,11475,,,,,,,,,,,,,,,,,,10/10/2022,4431,3280
10/11/2022,3290.5,3360,3274,3298.699951,3293.946533,1411316,4485.299805,4485.299805,4357,4380.75,4380.75,226840,,,,,,,,,,,,,,,,,,10/11/2022,4485.299805,3290.5
10/12/2022,3335,3339.5,3206,3248.199951,3243.519287,1812549,4375.049805,4430.149902,4329,4351.700195,4351.700195,10740,,,,,,,,,,,,,,,,,,10/12/2022,4375.049805,3335
10/13/2022,3230.100098,3258.199951,3193.899902,3209,3204.375732,779890,4360.5,4364.299805,4300,4307.399902,4307.399902,7050,,,,,,,,,,,,,,,,,,10/13/2022,4360.5,3230.100098
10/14/2022,3235,3246,3180,3185.5,3180.909668,845765,4375.049805,4399,4290.100098,4303.25,4303.25,8415,,,,,,,,,,,,,,,,,,10/14/2022,4375.049805,3235
10/17/2022,3185.5,3218,3170.100098,3197.600098,3192.992432,1067773,4295,4300.25,4141,4153.149902,4153.149902,534844,,,,,,,,,,,,,,,,,,10/17/2022,4295,3185.5
10/18/2022,3218,3250,3212,3225.850098,3221.20166,1015424,4197,4197,4111.100098,4138.299805,4138.299805,13746,,,,,,,,,,,,,,,,,,10/18/2022,4197,3218
10/19/2022,3242,3245.699951,3196.350098,3212.75,3208.120361,943543,4161,4194,4141.049805,4166.799805,4166.799805,16854,,,,,,,,,,,,,,,,,,10/19/2022,4161,3242
10/20/2022,3198,3241.850098,3101.800049,3140.899902,3136.373779,2284352,4166.299805,4234.799805,4144.700195,4225.799805,4225.799805,8136,,,,,,,,,,,,,,,,,,10/20/2022,4166.299805,3198
10/21/2022,3140,3164.75,3072.649902,3092.399902,3087.943848,1738731,4240,4250.049805,4189.700195,4219.549805,4219.549805,5071,,,,,,,,,,,,,,,,,,10/21/2022,4240,3140
10/24/2022,3150,3159,3116,3121.649902,3117.151611,178709,4258,4275.549805,4209,4229.549805,4229.549805,10278,,,,,,,,,,,,,,,,,,10/24/2022,4258,3150
10/25/2022,3134,3135,3079.899902,3084.899902,3080.45459,1016316,4230,4249.25,4166.850098,4227.149902,4227.149902,7199,,,,,,,,,,,,,,,,,,10/25/2022,4230,3134
10/27/2022,3123,3123,3033,3043.449951,3039.064453,2005709,4236.450195,4297,4220,4274.299805,4274.299805,5078,,,,,,,,,,,,,,,,,,10/27/2022,4236.450195,3123
10/28/2022,3058.699951,3071.600098,3040,3053.399902,3049,715736,4270.049805,4319.950195,4252.049805,4302.200195,4302.200195,13259,,,,,,,,,,,,,,,,,,10/28/2022,4270.049805,3058.699951
10/31/2022,3082,3113,3061.050049,3107.699951,3107.699951,814364,4304.25,4345.5,4292.200195,4322.200195,4322.200195,5771,,,,,,,,,,,,,,,,,,10/31/2022,4304.25,3082
11/1/2022,3110.5,3164.399902,3110.5,3159.399902,3159.399902,939335,4317.549805,4348,4238.649902,4247.350098,4247.350098,17331,,,,,,,,,,,,,,,,,,11/1/2022,4317.549805,3110.5
11/2/2022,3158,3159.949951,3122.100098,3131.899902,3131.899902,787012,4256.049805,4270.350098,4177.549805,4190.899902,4190.899902,7942,,,,,,,,,,,,,,,,,,11/2/2022,4256.049805,3158
11/3/2022,3105,3148.75,3105,3141.300049,3141.300049,563798,4190.899902,4227.549805,4166.450195,4194.350098,4194.350098,4674,,,,,,,,,,,,,,,,,,11/3/2022,4190.899902,3105
11/4/2022,3148,3185,3125.899902,3181.350098,3181.350098,609757,4199,4212.899902,4150,4168.950195,4168.950195,16988,,,,,,,,,,,,,,,,,,11/4/2022,4199,3148
11/7/2022,3186,3198,3097.449951,3103.550049,3103.550049,1669943,4175.649902,4215,4140,4173.700195,4173.700195,20126,,,,,,,,,,,,,,,,,,11/7/2022,4175.649902,3186
11/9/2022,3146,3146,3080,3086.5,3086.5,1391333,4185.049805,4190,4116.850098,4156.549805,4156.549805,21142,,,,,,,,,,,,,,,,,,11/9/2022,4185.049805,3146
11/10/2022,3086,3086,3033.5,3045.149902,3045.149902,1375007,4165,4172.399902,4104.899902,4139.850098,4139.850098,10038,,,,,,,,,,,,,,,,,,11/10/2022,4165,3086
11/11/2022,3090.699951,3098,3048,3055.399902,3055.399902,810288,4170,4170,4120,4125.399902,4125.399902,17824,,,,,,,,,,,,,,,,,,11/11/2022,4170,3090.699951
11/14/2022,3056,3077.949951,3041.050049,3053.199951,3053.199951,811545,4131.100098,4141.350098,4083.100098,4097.049805,4097.049805,7497,,,,,,,,,,,,,,,,,,11/14/2022,4131.100098,3056
,,,,,,,,,,,,,,,,,,,,,,,,,,,,,,,,
